INSERT INTO SHIPS (ID ,AMOUNT_CREW ,OWNER ,OWNER_ID,PRICE ,QUANTITY_PROPELLERS ,REGISTER_NUMBER ,VOTE ) VALUES (1000, 200000, 'JEAN LUCK PICARD',100 ,1000000, 12045, 'A124578', 5);
INSERT INTO SHIPS (ID ,AMOUNT_CREW ,OWNER ,OWNER_ID,PRICE ,QUANTITY_PROPELLERS ,REGISTER_NUMBER ,VOTE ) VALUES (2000, 200000, 'TETSU INADA',200 ,1000000, 12045, 'A124579', 6);
INSERT INTO SHIPS (ID ,AMOUNT_CREW ,OWNER ,OWNER_ID,PRICE ,QUANTITY_PROPELLERS ,REGISTER_NUMBER ,VOTE ) VALUES (3000, 200000, 'JEAN LUCK PICARD',100 ,1000000, 120450, 'A124577', 6);
INSERT INTO SHIPS (ID ,AMOUNT_CREW ,OWNER ,OWNER_ID,PRICE ,QUANTITY_PROPELLERS ,REGISTER_NUMBER ,VOTE ) VALUES (4000, 200000, 'JEAN LUCK PICARD',100 ,1000000, 12045, 'A124576', 6);
INSERT INTO SHIPS (ID ,AMOUNT_CREW ,OWNER ,OWNER_ID,PRICE ,QUANTITY_PROPELLERS ,REGISTER_NUMBER ,VOTE ) VALUES (5000, 200000, 'TETSU INADA',200 ,1000000, 12045, 'A124575', 6);
INSERT INTO SHIPS (ID ,AMOUNT_CREW ,OWNER ,OWNER_ID,PRICE ,QUANTITY_PROPELLERS ,REGISTER_NUMBER ,VOTE ) VALUES (6000, 200000, 'TETSU INADA',200 ,1000000, 12045, 'A124574', 6);

INSERT INTO SHIP_TYPE (ID ,HANGARES ,IS_CAZA ,MAXIMUM_LOAD_CAPACITY ,NAME_SHIP_TYPE ,NUMBER_MAX_PASSENGER  ) VALUES (201, 3, false, 8000000000000000, 'USS Enterprice', 1000000);
INSERT INTO SHIP_TYPE (ID ,HANGARES ,IS_CAZA ,MAXIMUM_LOAD_CAPACITY ,NAME_SHIP_TYPE ,NUMBER_MAX_PASSENGER  ) VALUES (202, 3, false, 7000000000000000, 'JAPAN Enterprice', 900000);

INSERT INTO MOTOR (ID ,MAXIMA_VELOCIDAD ,TYPE_PROPULCION ) VALUES (1000, 'WARP 15', 'ANTIMATERIA');
INSERT INTO MOTOR (ID ,MAXIMA_VELOCIDAD ,TYPE_PROPULCION ) VALUES (1001, 'WARP 9', 'ANTIADRIONES');

INSERT INTO SHIELD (ID ,ABSORBED_DAMAGE ,NAME ,QUANTITY_ENERGY  ) VALUES (91, 1000000, 'TITANIUM 15', 9000000);
INSERT INTO SHIELD (ID ,ABSORBED_DAMAGE ,NAME ,QUANTITY_ENERGY  ) VALUES (92, 1500000, 'TITANIUM 15', 10000000);

INSERT INTO ARMOR (ID ,ABSORBED_DAMAGE ,MATERIAL_NAME ,WEIGHT ) VALUES (100, 15000000, 'VIBRANIUM', 100000000);
INSERT INTO ARMOR (ID ,ABSORBED_DAMAGE ,MATERIAL_NAME ,WEIGHT ) VALUES (101, 15000000, 'DIAMANTIUM', 200000000);

INSERT INTO DEFENSE_SYSTEM  (ID ) VALUES (1000);
INSERT INTO DEFENSE_SYSTEM  (ID ) VALUES (1001);

INSERT INTO DEFENSE_SYSTEM_ARMOR (DEFENSE_SYSTEM_ID ,ARMOR_ID ) VALUES (1000, 100);
INSERT INTO DEFENSE_SYSTEM_ARMOR (DEFENSE_SYSTEM_ID ,ARMOR_ID ) VALUES (1001, 101);

INSERT INTO DEFENSE_SYSTEM_SHIELD  (DEFENSE_SYSTEM_ID ,SHIELD_ID ) VALUES (1000, 91);
INSERT INTO DEFENSE_SYSTEM_SHIELD  (DEFENSE_SYSTEM_ID ,SHIELD_ID ) VALUES (1001, 92);

INSERT INTO SHIPS_SHIP_TYPE  (SHIPS_ID ,SHIP_TYPE_ID ) VALUES (1000, 201);
INSERT INTO SHIPS_SHIP_TYPE  (SHIPS_ID ,SHIP_TYPE_ID ) VALUES (3000, 202);
INSERT INTO SHIPS_SHIP_TYPE  (SHIPS_ID ,SHIP_TYPE_ID ) VALUES (4000, 202);
INSERT INTO SHIPS_SHIP_TYPE  (SHIPS_ID ,SHIP_TYPE_ID ) VALUES (2000, 202);
INSERT INTO SHIPS_SHIP_TYPE  (SHIPS_ID ,SHIP_TYPE_ID ) VALUES (5000, 201);
INSERT INTO SHIPS_SHIP_TYPE  (SHIPS_ID ,SHIP_TYPE_ID ) VALUES (6000, 201);

INSERT INTO SHIPS_TYPE_MOTOR  (SHIPS_ID ,TYPE_MOTOR_ID ) VALUES (1000, 1000);
INSERT INTO SHIPS_TYPE_MOTOR  (SHIPS_ID ,TYPE_MOTOR_ID ) VALUES (3000, 1001);
INSERT INTO SHIPS_TYPE_MOTOR  (SHIPS_ID ,TYPE_MOTOR_ID ) VALUES (4000, 1001);
INSERT INTO SHIPS_TYPE_MOTOR  (SHIPS_ID ,TYPE_MOTOR_ID ) VALUES (2000, 1001);
INSERT INTO SHIPS_TYPE_MOTOR  (SHIPS_ID ,TYPE_MOTOR_ID ) VALUES (5000, 1000);
INSERT INTO SHIPS_TYPE_MOTOR  (SHIPS_ID ,TYPE_MOTOR_ID ) VALUES (6000, 1000);

INSERT INTO WEAPON  (ID ,NAME_WEAPON ,POWER ) VALUES (4000, 'LASER FOTONICO', 30000000);
INSERT INTO WEAPON  (ID ,NAME_WEAPON ,POWER ) VALUES (4001, 'LASER DE ADRIONES', 40000000);

INSERT INTO SHIP_TYPE_SYSTEM_DEFENCE  (SHIP_TYPE_ID ,SYSTEM_DEFENCE_ID ) VALUES (201, 1000);
INSERT INTO SHIP_TYPE_SYSTEM_DEFENCE  (SHIP_TYPE_ID ,SYSTEM_DEFENCE_ID ) VALUES (202, 1001);

INSERT INTO SHIP_TYPE_SET_WEAPONS   (SHIP_TYPE_ID ,SET_WEAPONS_ID ) VALUES (201, 4000);
INSERT INTO SHIP_TYPE_SET_WEAPONS   (SHIP_TYPE_ID ,SET_WEAPONS_ID ) VALUES (202, 4001);

INSERT INTO ROL  (ID ,NAME  ) VALUES (1, 'ADMINISTRADOR');
INSERT INTO ROL  (ID ,NAME  ) VALUES (2, 'GENERAL');
INSERT INTO ROL  (ID ,NAME  ) VALUES (3, 'SIN REGISTRAR');

INSERT INTO USER (ID ,EMAIL ,IS_ENABLE ,IS_LICENSE ,IS_PIRATES ,ISEXCEPTION ,ISFRAUD  ,NAME ,PASSWORD ,PLANET_ORIGIN ,SALE ,SHIPS_OWNER ,SPACIES, WARNING, NICK ) VALUES (100, 'JEAN@GMAIL.COM', false, false, false, false, false,  'JEAN LUCK PICARD', '123456', 'Tierra', true, 'LA FEDEREACION DE PLANETAS', 'HUMANO', 0, 'JEAN');
INSERT INTO USER (ID ,EMAIL ,IS_ENABLE ,IS_LICENSE ,IS_PIRATES ,ISEXCEPTION ,ISFRAUD  ,NAME ,PASSWORD ,PLANET_ORIGIN ,SALE ,SHIPS_OWNER ,SPACIES, WARNING, NICK ) VALUES (200, 'ENDEVOR@GMAIL.COM', false, false, false, false, false,  'TETSU INADA', '246810', 'Marte', true, 'LA FEDEREACION DE PLANETAS', 'SEMI-HUMANO', 0, 'ENDEVOR');

INSERT INTO USER_ROL (USER_ID , ROL_ID ) VALUES ('100', 1);
INSERT INTO USER_ROL (USER_ID , ROL_ID ) VALUES ('200', 1);

INSERT INTO OFFERS  (ID ,DATE_LIMIT_OFFERS ,PACKAGE_OFFERS ,PRICE ,SUBCRIBE ,TYPE_SHIP, ID_USER ) VALUES (100, '07/08/2020', 'CAZAS', 2500000, null, 'CAZAS', '100');

INSERT INTO COMMENTS (ID ,COMMENTS ,ID_OFFERS ) VALUES (1000, 'COMENTARIOS', 100);

--INSERT INTO SHIP_SELF_DEFENSE (USER_ID, SHIP_SELF_DEFENSE_ID) VALUES (100, 1000);
--INSERT INTO SHIP_SELF_DEFENSE (USER_ID, SHIP_SELF_DEFENSE_ID) VALUES (100, 3000);
--INSERT INTO SHIP_SELF_DEFENSE (USER_ID, SHIP_SELF_DEFENSE_ID) VALUES (200, 2000);
--INSERT INTO SHIP_SELF_DEFENSE (USER_ID, SHIP_SELF_DEFENSE_ID) VALUES (200, 5000);
--INSERT INTO SHIP_SELF_DEFENSE (USER_ID, SHIP_SELF_DEFENSE_ID) VALUES (200, 6000);
--INSERT INTO BATTLES (ID, ATTACKER, ATTACKER_DEFENSIVE_POWER, ATTACKER_OFFENSIVE_POWER, BATTLE_DATE, DEFENDER, DEFENDER_DEFENSIVE_POWER, DEFENDER_OFFENSIVE_POWER, WINNER, CHALLENGE_STATUS ) VALUES (1, 'JEAN', 90.0, 35.0, null,	'ENDEVOR', 0.0, 0.0, null, null);
--INSERT INTO SHIP_BATTLE (BATTLE_ID, SHIPS_BATTLE_ID) VALUES (1, 4000);
--INSERT INTO SHIPS_DEFENSE (BATTLE_ID, SHIPS_DEFENSE_ID) VALUES (1, 2000);
--INSERT INTO SHIPS_DEFENSE (BATTLE_ID, SHIPS_DEFENSE_ID) VALUES (1, 5000);
--INSERT INTO SHIPS_DEFENSE (BATTLE_ID, SHIPS_DEFENSE_ID) VALUES (1, 6000);
